{"cameraMode":{"drawMode":0,"name":"Shaded","section":"Shading Mode"},"sceneLighting":true,"audioPlay":false,"sceneViewState":{"m_AlwaysRefresh":false,"showFog":true,"showSkybox":true,"showFlares":true,"showImageEffects":true,"showParticleSystems":true,"showVisualEffectGraphs":true,"m_FxEnabled":true},"in2DMode":false,"pivot":{"x":1.9730935096740723,"y":-1.5589861869812012,"z":0.36525893211364748},"rotation":{"x":0.5091249942779541,"y":-0.12810541689395905,"z":0.07694661617279053,"w":0.8476211428642273},"size":4.127519607543945,"orthographic":false}